{"mean":{"confidence_interval":{"confidence_level":0.95,"lower_bound":45984497.625,"upper_bound":48161827.525},"point_estimate":46901578.5,"standard_error":564081.8979129902},"median":{"confidence_interval":{"confidence_level":0.95,"lower_bound":45509900.0,"upper_bound":47023200.0},"point_estimate":46494825.0,"standard_error":325275.38486835954},"median_abs_dev":{"confidence_interval":{"confidence_level":0.95,"lower_bound":1981643.1248188019,"upper_bound":3532257.372289896},"point_estimate":2699666.2920713425,"standard_error":415256.1231592378},"slope":null,"std_dev":{"confidence_interval":{"confidence_level":0.95,"lower_bound":2552830.9822962554,"upper_bound":8976416.885457465},"point_estimate":5695384.475640459,"standard_error":2092205.7971044763}}