{"mean":{"confidence_interval":{"confidence_level":0.95,"lower_bound":47369891.4,"upper_bound":48950986.824999996},"point_estimate":48103741.5,"standard_error":403592.2513364465},"median":{"confidence_interval":{"confidence_level":0.95,"lower_bound":47046150.0,"upper_bound":48235775.0},"point_estimate":47582750.0,"standard_error":328226.89082136605},"median_abs_dev":{"confidence_interval":{"confidence_level":0.95,"lower_bound":2002325.3944516182,"upper_bound":3683667.894601822},"point_estimate":2776094.3207144737,"standard_error":444011.7732320745},"slope":null,"std_dev":{"confidence_interval":{"confidence_level":0.95,"lower_bound":2619088.768278227,"upper_bound":5694949.018902829},"point_estimate":4061990.045295974,"standard_error":881039.975568593}}