{"mean":{"confidence_interval":{"confidence_level":0.95,"lower_bound":308598.4880759154,"upper_bound":339188.8569889512},"point_estimate":323479.158447533,"standard_error":7799.499472351729},"median":{"confidence_interval":{"confidence_level":0.95,"lower_bound":292919.3406904357,"upper_bound":331860.4166666667},"point_estimate":311914.43262411345,"standard_error":9453.031827359366},"median_abs_dev":{"confidence_interval":{"confidence_level":0.95,"lower_bound":60481.96658660774,"upper_bound":95301.17610264588},"point_estimate":77157.1002470316,"standard_error":9179.358936708048},"slope":{"confidence_interval":{"confidence_level":0.95,"lower_bound":314854.47713211714,"upper_bound":349515.5210384855},"point_estimate":331797.60957588296,"standard_error":8854.63249120515},"std_dev":{"confidence_interval":{"confidence_level":0.95,"lower_bound":62660.307787530255,"upper_bound":94014.88078197472},"point_estimate":78306.07850345453,"standard_error":8107.293841066878}}