{"mean":{"confidence_interval":{"confidence_level":0.95,"lower_bound":47454093.375,"upper_bound":50638053.525},"point_estimate":48674509.5,"standard_error":856056.8157539404},"median":{"confidence_interval":{"confidence_level":0.95,"lower_bound":47424925.0,"upper_bound":48373375.0},"point_estimate":47968225.0,"standard_error":240305.57329041752},"median_abs_dev":{"confidence_interval":{"confidence_level":0.95,"lower_bound":1542608.2076132298,"upper_bound":3129657.349437475},"point_estimate":2174306.9913983345,"standard_error":404358.04410495417},"slope":null,"std_dev":{"confidence_interval":{"confidence_level":0.95,"lower_bound":2233796.0851031095,"upper_bound":14309932.962149799},"point_estimate":8609733.264101408,"standard_error":4041439.080581364}}