{"mean":{"confidence_interval":{"confidence_level":0.95,"lower_bound":46623698.0,"upper_bound":48770080.9125},"point_estimate":47525999.5,"standard_error":558959.6542310332},"median":{"confidence_interval":{"confidence_level":0.95,"lower_bound":46636125.0,"upper_bound":47863475.0},"point_estimate":47200875.0,"standard_error":320432.6948186213},"median_abs_dev":{"confidence_interval":{"confidence_level":0.95,"lower_bound":1877268.0866718292,"upper_bound":3366280.305236578},"point_estimate":2450737.7564907074,"standard_error":375891.74216078944},"slope":null,"std_dev":{"confidence_interval":{"confidence_level":0.95,"lower_bound":2458212.462794675,"upper_bound":8887962.631849198},"point_estimate":5602053.246316953,"standard_error":2104149.331269322}}