{"mean":{"confidence_interval":{"confidence_level":0.95,"lower_bound":222.14033429181583,"upper_bound":252.43792230509922},"point_estimate":236.65724894386688,"standard_error":7.750368477483099},"median":{"confidence_interval":{"confidence_level":0.95,"lower_bound":200.44309701492537,"upper_bound":234.1816485753053},"point_estimate":218.8996961631987,"standard_error":7.980714001328179},"median_abs_dev":{"confidence_interval":{"confidence_level":0.95,"lower_bound":52.44464707887163,"upper_bound":84.69233918016535},"point_estimate":70.20024398589256,"standard_error":8.28004521420203},"slope":{"confidence_interval":{"confidence_level":0.95,"lower_bound":217.12987179817603,"upper_bound":241.0071335973011},"point_estimate":228.92131253460053,"standard_error":6.08109303409742},"std_dev":{"confidence_interval":{"confidence_level":0.95,"lower_bound":60.92018488781209,"upper_bound":93.04337860691312},"point_estimate":77.87918120049693,"standard_error":8.234451486799175}}