{"mean":{"confidence_interval":{"confidence_level":0.95,"lower_bound":92992621.9,"upper_bound":95830430.6},"point_estimate":94376253.0,"standard_error":723825.8235454551},"median":{"confidence_interval":{"confidence_level":0.95,"lower_bound":92102200.0,"upper_bound":95849100.0},"point_estimate":94120950.0,"standard_error":928167.5408089192},"median_abs_dev":{"confidence_interval":{"confidence_level":0.95,"lower_bound":4586348.888576031,"upper_bound":7457329.607605934},"point_estimate":5436323.453485966,"standard_error":747756.2189084011},"slope":null,"std_dev":{"confidence_interval":{"confidence_level":0.95,"lower_bound":5786336.9636445055,"upper_bound":8738396.119095208},"point_estimate":7314246.085281211,"standard_error":755446.1948945663}}