{"mean":{"confidence_interval":{"confidence_level":0.95,"lower_bound":325366.0791029921,"upper_bound":357448.11458058504},"point_estimate":341139.8319652764,"standard_error":8217.071605679694},"median":{"confidence_interval":{"confidence_level":0.95,"lower_bound":306618.36734693876,"upper_bound":353486.2369337979},"point_estimate":332518.61785156804,"standard_error":11706.26188891166},"median_abs_dev":{"confidence_interval":{"confidence_level":0.95,"lower_bound":66196.3311868123,"upper_bound":109123.93747027153},"point_estimate":89747.22614639429,"standard_error":10716.820134809514},"slope":{"confidence_interval":{"confidence_level":0.95,"lower_bound":337075.2898517892,"upper_bound":368718.5389536425},"point_estimate":352815.1812225999,"standard_error":8082.982167218286},"std_dev":{"confidence_interval":{"confidence_level":0.95,"lower_bound":69620.55658683533,"upper_bound":94787.94785294877},"point_estimate":82525.39014949623,"standard_error":6472.185376269882}}