{"mean":{"confidence_interval":{"confidence_level":0.95,"lower_bound":385533.9662796484,"upper_bound":423137.287232461},"point_estimate":404123.77295133815,"standard_error":9578.566023964248},"median":{"confidence_interval":{"confidence_level":0.95,"lower_bound":380310.14492753625,"upper_bound":425656.0796645702},"point_estimate":401916.79496489954,"standard_error":13080.025096585743},"median_abs_dev":{"confidence_interval":{"confidence_level":0.95,"lower_bound":70350.05429240131,"upper_bound":117660.11785112198},"point_estimate":104058.41165944321,"standard_error":11789.37306397876},"slope":{"confidence_interval":{"confidence_level":0.95,"lower_bound":346070.51362770883,"upper_bound":406190.5987610837},"point_estimate":374257.5065267721,"standard_error":15323.397902712464},"std_dev":{"confidence_interval":{"confidence_level":0.95,"lower_bound":82685.22954910061,"upper_bound":108973.80774581147},"point_estimate":96414.43099701196,"standard_error":6709.14251428492}}